"SPECIES","SEX","SVL","HL","SL","IOD","IND","ED","TD","HW","FA","FL","TBL","TarL","PL","ML","NPL","Toe4DW","Fin3DW"
"igorota ","male",1.71365851620836,1.28262211287806,0.899273187317604,0.665580991017953,0.771587480881255,0.819543935541869,0.633468455579587,1.21932250841934,1.04414762087872,1.42651126136458,1.47275644931721,1.20817252666712,1.40840957846843,1.17405980772503,0.886490725172482,0.255272505103306,0.426511261364575
"igorata ","male",1.76574304142104,1.33304402982349,0.943494515906103,0.707570176097936,0.809559714635268,0.8561244442423,0.730782275666389,1.23779499327392,1.06107532362979,1.45163294745699,1.4983105537896,1.21853550521653,1.40756084948636,1.22814360759774,0.863322860120456,0.209515014542631,0.523746466811564
"igorata","male",1.73158876518674,1.3096301674259,0.903089986991944,0.653212513775344,0.707570176097936,0.8750612633917,0.612783856719735,1.24303804868629,1.05307844348342,1.45331834004704,1.48000694295715,1.24303804868629,1.44247976906445,1.22788670461367,0.8750612633917,0.322219294733919,0.531478917042255
"igorata","male",1.70070371714502,1.29225607135648,0.929418925714293,0.662757831681574,0.707570176097936,0.785329835010767,0.518513939877887,1.2380461031288,1.00432137378264,1.41995574848976,1.47129171105894,1.20682587603185,1.42651126136458,1.22530928172586,0.863322860120456,0.301029995663981,0.462397997898956
"igorata","male",1.72098574415374,1.29225607135648,0.949390006644913,0.698970004336019,0.707570176097936,0.792391689498254,0.477121254719662,1.25042000230889,1.07188200730613,1.46538285144842,1.50514997831991,1.25527250510331,1.45024910831936,1.25285303097989,0.929418925714293,0.322219294733919,0.518513939877887
"igorata","male",1.73399928653839,1.29666519026153,0.939519252618618,0.698970004336019,0.716003343634799,0.819543935541869,0.568201724066995,1.24303804868629,1.07918124604762,1.46686762035411,1.48855071650044,1.26717172840301,1.45484486000851,1.26007138798507,0.939519252618618,0.322219294733919,0.531478917042255
"igorata","male",1.70243053644553,1.31597034545692,0.959041392321094,0.6232492903979,0.716003343634799,0.806179973983887,0.568201724066995,1.23552844690755,1.02530586526477,1.44404479591808,1.46686762035411,1.22530928172586,1.42324587393681,1.20411998265592,0.869231719730976,0.342422680822206,0.531478917042255
"igorata","male",1.72672720902657,1.28330122870355,0.934498451243568,0.6232492903979,0.724275869600789,0.792391689498254,0.505149978319906,1.23552844690755,1.00860017176192,1.45331834004704,1.46239799789896,1.21748394421391,1.43775056282039,1.24303804868629,0.880813592280791,0.278753600952829,0.462397997898956
"igorata","male",1.73957234445009,1.29666519026153,0.954242509439325,0.662757831681574,0.724275869600789,0.792391689498254,0.531478917042255,1.22788670461367,1.04532297878666,1.47421626407626,1.49692964807321,1.26245108973043,1.44870631990508,1.22271647114758,0.949390006644913,0.342422680822206,0.505149978319906
"igorata","male",1.6954816764902,1.28555730900777,0.954242509439325,0.672097857935718,0.707570176097936,0.845098040014257,0.568201724066995,1.25285303097989,1.07554696139253,1.46538285144842,1.48429983934679,1.26007138798507,1.45484486000851,1.23552844690755,0.929418925714293,0.255272505103306,0.505149978319906
"igorata","male",1.73479982958885,1.32221929473392,0.968482948553935,0.643452676486187,0.724275869600789,0.812913356642856,0.544068044350276,1.27646180417324,1.07188200730613,1.47856649559384,1.49136169383427,1.24551266781415,1.46538285144842,1.24551266781415,0.944482672150169,0.361727836017593,0.57978359661681
"igorata","male",1.71096311899528,1.30535136944662,0.934498451243568,0.591064607026499,0.681241237375587,0.845098040014257,0.672097857935718,1.25527250510331,1.04532297878666,1.46239799789896,1.47421626407626,1.22530928172586,1.46389298898591,1.22788670461367,0.903089986991944,0.322219294733919,0.544068044350276
"igorata","male",1.73319726510657,1.31597034545692,0.944482672150169,0.662757831681574,0.690196080028514,0.845098040014257,0.568201724066995,1.25285303097989,1.04139268515823,1.45788189673399,1.47421626407626,1.22530928172586,1.43136376415899,1.20411998265592,0.89209460269048,0.322219294733919,0.518513939877887
"igorata","male",1.69983772586725,1.28103336724773,0.924279286061882,0.643452676486187,0.707570176097936,0.812913356642856,0.544068044350276,1.2380461031288,1.01283722470517,1.42975228000241,1.46389298898591,1.20951501454263,1.41995574848976,1.21748394421391,0.869231719730976,0.255272505103306,0.531478917042255
"igorata","male",1.71516735784846,1.28555730900777,0.924279286061882,0.57978359661681,0.672097857935718,0.812913356642856,0.544068044350276,1.22788670461367,1.03342375548695,1.45636603312904,1.45788189673399,1.22530928172586,1.44715803134222,1.24303804868629,0.886490725172482,0.278753600952829,0.505149978319906
"igorata","male",1.72672720902657,1.31597034545692,0.963787827345555,0.662757831681574,0.681241237375587,0.806179973983887,0.653212513775344,1.25285303097989,1.04532297878666,1.45178643552429,1.48287358360875,1.25527250510331,1.45484486000851,1.24797326636181,0.897627091290441,0.361727836017593,0.531478917042255
"igorata","male",1.71096311899528,1.31597034545692,0.944482672150169,0.602059991327962,0.707570176097936,0.851258348719075,0.57978359661681,1.22271647114758,1.02938377768521,1.44090908206522,1.45788189673399,1.23299611039215,1.43296929087441,1.23044892137827,0.903089986991944,0.342422680822206,0.491361693834273
"igorata","male",1.74115159885179,1.31597034545692,0.954242509439325,0.681241237375587,0.707570176097936,0.806179973983887,0.591064607026499,1.25042000230889,1.04532297878666,1.46834733041216,1.50105926221775,1.25042000230889,1.48000694295715,1.25285303097989,0.903089986991944,0.301029995663981,0.544068044350276
"igorata","male",1.74973631556906,1.33445375115093,0.954242509439325,0.672097857935718,0.690196080028514,0.851258348719075,0.591064607026499,1.27415784926368,1.01283722470517,1.48144262850231,1.4996870826184,1.24551266781415,1.46389298898591,1.26007138798507,0.929418925714293,0.380211241711606,0.556302500767287
"igorata","male",1.71349054309394,1.29446622616159,0.939519252618618,0.690196080028514,0.698970004336019,0.799340549453582,0.556302500767287,1.22010808804006,1.04921802267018,1.45024910831936,1.46834733041216,1.22010808804006,1.43296929087441,1.21748394421391,0.8750612633917,0.278753600952829,0.491361693834273
"albotuberculata ","male",1.75541746281094,1.34693946269899,1.02366391819779,0.816241299991783,0.773054693364263,0.835690571492426,0.763427993562937,1.24551266781415,1.0899051114394,1.45377685969044,1.50119624202709,1.23299611039215,1.44279322593977,1.26951294421792,0.94101424370557,0.152288344383056,0.570542939881898
"albotuberculata ","male",1.78168358450735,1.35679046035172,1.02530586526477,0.807535028068853,0.806179973983887,0.864511081058392,0.769377326076139,1.26387267686522,1.11727129565576,1.48572142648158,1.53351786201697,1.28057837036808,1.4782778319196,1.28578227377939,0.973127853599699,0.255272505103306,0.570542939881898
"albotuberculata","male",1.81304696516011,1.37180645850742,1.0484418035504,0.790285164033242,0.806858029518817,0.851869600729766,0.777426822389311,1.27898211686544,1.12580645813953,1.49178177558417,1.55894844597804,1.27737997466725,1.46849502450707,1.29490691060519,0.930949031167523,0.232996110392154,0.620136054973757
"albotuberculata","male",1.80379840798967,1.38021124171161,1.01786771896351,0.771587480881255,0.826722520168992,0.877371345869774,0.756636108245848,1.30663944102426,1.13956426617585,1.4900990050633,1.5613399414589,1.28103336724773,1.49373680227684,1.34399906905716,0.942008053022313,0.260071387985075,0.648360010980932
"albotuberculata","male",1.8230827965328,1.39462676427221,1.06929801211553,0.74350976472843,0.744292983122676,0.848804701051804,0.809559714635268,1.28555730900777,1.14581771449183,1.53957788334531,1.56855371204944,1.29688447553855,1.49596039488171,1.30792370361188,0.90687353472207,0.225309281725863,0.60422605308447
"albotuberculata","male",1.83834526877599,1.38255732190879,1.04921802267018,0.840733234611807,0.850646235183066,0.857935264719429,0.779596491257824,1.32980452216407,1.14891099310936,1.55822842180333,1.60799085854717,1.3174364965351,1.50201721482715,1.36810085170935,1.01199311465926,0.340444114840118,0.700703717145019
"albotuberculata","male",1.80379840798967,1.38291713508753,1.02530586526477,0.784617292632875,0.838849090737255,0.841984804590114,0.795184589682424,1.30941722577814,1.15350998930084,1.53071183798166,1.5720579899263,1.31132995230379,1.50078517291746,1.34733001531695,0.970346876230093,0.385606273598312,0.679427896612119
"albotuberculata","male",1.71875073473967,1.31764554322116,0.974971994298069,0.716003343634799,0.763427993562937,0.800029359244134,0.763427993562937,1.18098558078673,1.02694162795903,1.37529773821734,1.4345689040342,1.30081279411812,1.37235958252432,1.20167017964658,0.783903579272735,0.127104798364808,0.460897842756548
"albotuberculata","male",1.71683772329952,1.33805787541976,0.949390006644913,0.711807229041191,0.749736315569061,0.829303772831025,0.783188691075258,1.19312459835446,1.03502928220237,1.37948681371727,1.45984464238821,1.19395897801919,1.41497334797082,1.22762964957101,0.793790384690819,0.146128035678238,0.477121254719662
"albotuberculata","male",1.7462448717202,1.33385014510255,0.958563883221967,0.720159303405957,0.730782275666389,0.810232517995084,0.838849090737255,1.22634208716363,1.08134730780413,1.40773072802634,1.48586332959733,1.2148438480477,1.41077723337721,1.20520436394814,0.852479993636856,0.0863598306747482,0.432969290874406
"albotuberculata","male",1.7462448717202,1.34399906905716,0.996073654485275,0.749736315569061,0.791690649020118,0.810232517995084,0.800029359244134,1.22010808804006,1.05576046468773,1.44746813094976,1.58804749698608,1.22608411597582,1.44870631990508,1.27461961909124,0.835056101720116,0.136720567156407,0.568201724066995
"albotuberculata","male",1.75860914265974,1.35926616460675,1,0.702430536445525,0.775974331129369,0.841984804590114,0.81888541459401,1.23274206272074,1.11058971029925,1.45101845215546,1.5182506513085,1.24772783290972,1.44122367424261,1.25261034056737,0.812913356642856,0.103803720955957,0.515873843711679
"albotuberculata","male",1.83632411570675,1.40823996531185,1.07554696139253,0.800717078282385,0.879669205632054,0.910624404889201,0.806858029518817,1.33525725643453,1.16345955176999,1.54369563230924,1.57749179983723,1.30492116190089,1.50866436305294,1.32899085544943,0.977266212427293,0.350248018334163,0.670245853074124
"albotuberculata","male",1.83257277484618,1.38381536598043,1.00860017176192,0.76715586608218,0.81690383937566,0.890979596989689,0.810232517995084,1.29885307640971,1.15836249209525,1.55630250076729,1.5910646070265,1.3142886609475,1.5478977175631,1.35793484700045,0.967079734144497,0.338456493604605,0.681241237375587
"albotuberculata","male",1.78103693862113,1.35024801833416,1.00860017176192,0.826074802700826,0.806179973983887,0.799340549453582,0.740362689494244,1.28103336724773,1.06445798922692,1.50785587169583,1.53402610605614,1.29003461136252,1.51851393987789,1.32014628611105,0.919078092376074,0.322219294733919,0.612783856719735
"albotuberculata","male",1.77742682238931,1.35024801833416,1.00860017176192,0.785329835010767,0.763427993562937,0.806179973983887,0.7481880270062,1.29666519026153,1.06818586174616,1.48995847942483,1.51188336097887,1.26951294421792,1.50650503240487,1.34830486304816,0.939519252618618,0.301029995663981,0.653212513775344
"albotuberculata","male",1.81557774832427,1.37106786227174,1.02530586526477,0.851258348719075,0.778151250383644,0.826074802700826,0.690196080028514,1.31597034545692,1.10037054511756,1.53402610605614,1.55870857053317,1.31386722036915,1.51719589794997,1.35024801833416,0.982271233039568,0.322219294733919,0.662757831681574
"albotuberculata","male",1.80482067872116,1.40312052117582,1.01283722470517,0.832508912706236,0.799340549453582,0.8750612633917,0.770852011642144,1.32014628611105,1.07188200730613,1.52504480703685,1.55022835305509,1.32633586092875,1.53402610605614,1.35218251811136,0.913813852383717,0.361727836017593,0.653212513775344
"albotuberculata","male",1.83632411570675,1.42651126136458,1.05307844348342,0.880813592280791,0.832508912706236,0.8750612633917,0.778151250383644,1.32633586092875,1.13033376849501,1.5705429398819,1.6063813651106,1.35602585719312,1.57978359661681,1.40993312333129,1,0.342422680822206,0.707570176097936
"albotuberculata","male",1.82994669594164,1.40312052117582,1.06445798922692,0.851258348719075,0.838849090737255,0.863322860120456,0.770852011642144,1.32837960343874,1.0899051114394,1.55509444857832,1.59439255037543,1.32633586092875,1.54654266347813,1.38381536598043,0.982271233039568,0.342422680822206,0.681241237375587
"albotuberculata","male",1.83442070368153,1.41497334797082,1.05307844348342,0.886490725172482,0.778151250383644,0.838849090737255,0.770852011642144,1.32837960343874,1.13672056715641,1.5705429398819,1.59988307207369,1.33645973384853,1.58092497567562,1.38738982633873,0.986771734266245,0.380211241711606,0.6232492903979
"albotuberculata","male",1.80413943233535,1.38381536598043,1.02938377768521,0.89209460269048,0.763427993562937,0.792391689498254,0.716003343634799,1.30535136944662,1.11394335230684,1.54282542695918,1.57634135020579,1.31806333496276,1.55388302664387,1.38738982633873,0.977723605288848,0.342422680822206,0.653212513775344
"albotuberculata","male",1.80955971463527,1.36735592102602,1.02530586526477,0.869231719730976,0.806179973983887,0.819543935541869,0.740362689494244,1.30319605742049,1.10720996964787,1.53529412004277,1.55750720190566,1.30102999566398,1.54032947479087,1.37106786227174,0.963787827345555,0.342422680822206,0.643452676486187
"albotuberculata","male",1.79865064544527,1.37839790094814,1.04139268515823,0.832508912706236,0.732393759822969,0.826074802700826,0.7481880270062,1.28103336724773,1.13353890837022,1.53147891704226,1.56937390961505,1.28555730900777,1.50514997831991,1.35024801833416,0.944482672150169,0.176091259055681,0.591064607026499
"albotuberculata","male",1.76566855475901,1.37839790094814,1.00860017176192,0.724275869600789,0.755874855672491,0.832508912706236,0.755874855672491,1.26007138798507,1.09342168516224,1.52762990087134,1.5705429398819,1.31175386105575,1.5327543789925,1.32633586092875,0.944482672150169,0.278753600952829,0.6232492903979
"albotuberculata","male",1.79726754083072,1.38916608436453,1.04532297878666,0.851258348719075,0.778151250383644,0.799340549453582,0.778151250383644,1.28555730900777,1.13353890837022,1.53019969820308,1.55870857053317,1.30749603791321,1.52891670027765,1.39445168082622,1.00432137378264,0.380211241711606,0.602059991327962
"albotuberculata","male",1.8318697742805,1.41497334797082,1.04532297878666,0.819543935541869,0.755874855672491,0.857332496431269,0.785329835010767,1.34439227368511,1.12057393120585,1.56702636615906,1.59879050676312,1.34242268082221,1.55870857053317,1.3747483460101,0.99563519459755,0.397940008672038,0.653212513775344
"albotuberculata","male",1.8109042806687,1.38916608436453,1.02938377768521,0.851258348719075,0.89209460269048,0.826074802700826,0.763427993562937,1.33243845991561,1.13033376849501,1.53402610605614,1.5705429398819,1.32014628611105,1.55990662503611,1.3654879848909,1,0.380211241711606,0.698970004336019
"albotuberculata","male",1.80345711564841,1.38560627359831,1.02938377768521,0.785329835010767,0.812913356642856,0.819543935541869,0.778151250383644,1.3096301674259,1.11058971029925,1.54157924394658,1.56229286445647,1.3096301674259,1.52891670027765,1.33243845991561,0.963787827345555,0.342422680822206,0.672097857935718
"everetti","male",1.90014856071934,1.48072537898849,1.12287092286444,0.869818207979328,0.888179493918325,0.931457870689005,0.930949031167523,1.40585839931764,1.26951294421792,1.6398847419163,1.67860941655893,1.41296427199666,1.63447727016073,1.42045085910607,1.09307130637606,0.440909082065218,0.665580991017953
"everetti","male",1.89370629306471,1.46463855909503,1.1264561134318,0.857935264719429,0.877946951629188,0.863322860120456,0.876794976200701,1.40243334621931,1.21590181320403,1.60873991906879,1.648164778574,1.38774565960886,1.60010125569139,1.38934331125208,1.06445798922692,0.374748346010104,0.658011396657112
"everetti","male",1.79028516403324,1.35793484700045,1.01283722470517,0.838849090737255,0.763427993562937,0.778151250383644,0.755874855672491,1.29003461136252,1.10720996964787,1.53781909507327,1.56584781867352,1.31597034545692,1.53019969820308,1.38916608436453,0.929418925714293,0.322219294733919,0.643452676486187
"everetti","male",1.85973856619715,1.46834733041216,1.12385164096709,0.897627091290441,0.880813592280791,0.8750612633917,0.924279286061882,1.37657695705651,1.12385164096709,1.62117628177504,1.64933485871214,1.40654018043396,1.6222140229663,1.42813479402879,0.903089986991944,0.397940008672038,0.57978359661681
"everetti","male",1.88309335857569,1.45484486000851,1.11058971029925,0.89209460269048,0.845098040014257,0.857332496431269,0.880813592280791,1.37839790094814,1.14921911265538,1.64542226934909,1.67577834167409,1.42324587393681,1.66838591669,1.44404479591808,0.939519252618618,0.447158031342219,0.6232492903979
"everetti","male",1.86153441085904,1.45636603312904,1.11394335230684,0.8750612633917,0.851258348719075,0.869231719730976,0.903089986991944,1.38021124171161,1.13672056715641,1.62013605497376,1.64933485871214,1.38738982633873,1.6159500516564,1.41995574848976,0.934498451243568,0.414973347970818,0.612783856719735
"everetti","male",1.81291335664286,1.38201704257487,1.02938377768521,0.838849090737255,0.806179973983887,0.785329835010767,0.799340549453582,1.30102999566398,1.09691001300806,1.55144999797288,1.58994960132571,1.34044411484012,1.56229286445647,1.3384564936046,0.977723605288848,0.361727836017593,0.518513939877887
"everetti","male",1.81023251799508,1.39093510710338,1.06818586174616,0.8750612633917,0.799340549453582,0.869231719730976,0.819543935541869,1.32428245529769,1.09342168516224,1.58206336291171,1.61804809671209,1.36172783601759,1.57287160220048,1.3541084391474,0.968482948553935,0.361727836017593,0.531478917042255
"everetti","male",1.8318697742805,1.4345689040342,1.09342168516224,0.8750612633917,0.857332496431269,0.857332496431269,0.819543935541869,1.33445375115093,1.12710479836481,1.57287160220048,1.65127801399814,1.3747483460101,1.62117628177504,1.36172783601759,0.929418925714293,0.431363764158987,0.57978359661681
"visayan everetti","male",1.76004532796581,1.33304402982349,0.94101424370557,0.705863712283919,0.724275869600789,0.816241299991783,0.726727209026572,1.21245396104028,1.10619089726342,1.47712125471966,1.54307423503353,1.24154648059655,1.45392959205773,1.24993175663419,0.781036938621132,-0.0409586076789064,0.296665190261531
"visayan everetti","male",1.75388933145983,1.33585891131982,0.966141732739033,0.709269960975831,0.708420900134713,0.82020145948564,0.716837723299524,1.22193559982801,1.09621458534641,1.49023948524629,1.52943035436699,1.23879856271392,1.45878888171084,1.25839780409551,0.867467487859051,0.264817823009536,0.532754378992498
"visayan everetti","male",1.74162425750381,1.30427505047713,0.974971994298069,0.711807229041191,0.707570176097936,0.822821645303105,0.716003343634799,1.19975517725347,1.10585067438514,1.48029446000301,1.54257647626053,1.24674470972384,1.40019248859258,1.19423674872383,0.858537197569639,0.204119982655925,0.431363764158987
"visayan everetti","male",1.69897000433602,1.35487642251623,1.01494034979294,0.73559889969818,0.732393759822969,0.863322860120456,0.712649701627211,1.23375736296551,1.12352498094273,1.50174372962799,1.5360531551592,1.25983269906348,1.44404479591808,1.23044892137827,0.898176483497677,0.320146286111054,0.514547752660286
"visayan everetti","male",1.71974549252958,1.30102999566398,0.987666264926275,0.694605198933569,0.702430536445525,0.788875115775417,0.663700925389648,1.17580163284828,1.06520612805431,1.42422807069598,1.47899913167336,1.18497519069826,1.40908736944783,1.25188145455253,0.843232778098009,0.164352855784437,0.374748346010104
"visayan everetti","male",1.64943222324162,1.2380461031288,0.851869600729766,0.633468455579587,0.643452676486187,0.724275869600789,0.614897216033135,1.13353890837022,0.982271233039568,1.35218251811136,1.4323277922616,1.1476763242411,1.35602585719312,1.18582535961296,0.829946695941636,0.152288344383056,0.426511261364575
"visayan everetti","male",1.70893053580662,1.2964457942064,0.954242509439325,0.725911632295048,0.729974285699556,0.781036938621132,0.661812685537261,1.15836249209525,1.01577875638904,1.43711609304808,1.48158593636762,1.17464119266045,1.38489079653055,1.20411998265592,0.822821645303105,0.204119982655925,0.429752280002408
"visayan everetti","male",1.66067578833852,1.26599637049508,0.944482672150169,0.700703717145019,0.68930885912362,0.733999286538387,0.589949601325708,1.14238946611884,0.989449817666692,1.43775056282039,1.46239799789896,1.18184358794477,1.41396997174806,1.2405492482826,0.837588438235511,0.235528446907549,0.481442628502305
"visayan everetti","male",1.74296067021415,1.32221929473392,1.001733712809,0.740362689494244,0.755874855672491,0.778151250383644,0.675778341674085,1.19865708695442,1.09447112864164,1.44482519950975,1.50596351801813,1.23754373814287,1.4345689040342,1.2771506139638,0.845098040014257,0.220108088040055,0.518513939877887
"tipanan ","male",1.69284691927723,1.28555730900777,0.948901760970214,0.700703717145019,0.763427993562937,0.812913356642856,0.531478917042255,1.23044892137827,1.03181227133037,1.44247976906445,1.47712125471966,1.20466251174822,1.38021124171161,1.21218760440396,0.845098040014257,0.230448921378274,0.462397997898956
"tipanan","male",1.70070371714502,1.32221929473392,0.977723605288848,0.732393759822969,0.729974285699556,0.826074802700826,0.633468455579587,1.2148438480477,1.04139268515823,1.42813479402879,1.46834733041216,1.21058602490516,1.39269695325967,1.23044892137827,0.863322860120456,0.322219294733919,0.491361693834273
"tipanan","male",1.68394713075151,1.29003461136252,0.90848501887865,0.732393759822969,0.730782275666389,0.792391689498254,0.6232492903979,1.19451434188247,1.04139268515823,1.41995574848976,1.44715803134222,1.17026171539496,1.36361197989214,1.16136800223497,0.845098040014257,0.146128035678238,0.397940008672038
"tipanan","male",1.71096311899528,1.30319605742049,0.929418925714293,0.792391689498254,0.770852011642144,0.854306041801081,0.633468455579587,1.21748394421391,1.09131515969722,1.43376983392487,1.47275644931721,1.2148438480477,1.39794000867204,1.19589965240923,0.885361220031512,0.276461804173244,0.409933123331295
"tipanan","male",1.71432975974523,1.28148788794008,0.947433721887051,0.737192642704737,0.748962861256161,0.819543935541869,0.568201724066995,1.20978301484851,1.08170727009735,1.42324587393681,1.46834733041216,1.22010808804006,1.41094585868777,1.26387267686522,0.866877814337499,0.14921911265538,0.471291711058939
"tipanan","male",1.70560716340461,1.32633586092875,0.974511692737328,0.76715586608218,0.740362689494244,0.841359470454855,0.653212513775344,1.2132520521964,1.0618293072947,1.41697317260304,1.46834733041216,1.19865708695442,1.38560627359831,1.18752072083646,0.8750612633917,0.278753600952829,0.491361693834273
"tipanan","male",1.69019608002851,1.30835094858673,0.945960703577569,0.73559889969818,0.718501688867274,0.806179973983887,0.662757831681574,1.20330491613848,1.08098704691089,1.41664050733828,1.46982201597816,1.2148438480477,1.42504487455139,1.17926446433903,0.8750612633917,0.278753600952829,0.487138375477186
"tipanan","male",1.70757017609794,1.30102999566398,0.954242509439325,0.698970004336019,0.724275869600789,0.806179973983887,0.643452676486187,1.2132520521964,1.10037054511756,1.43296929087441,1.46834733041216,1.22271647114758,1.41664050733828,1.20411998265592,0.890421018800914,0.167317334748176,0.385606273598312
"tipanan","male",1.66275783168157,1.29003461136252,0.929418925714293,0.732393759822969,0.732393759822969,0.845098040014257,0.6232492903979,1.20139712432045,1.04139268515823,1.40942586867144,1.44947839918736,1.17983892802319,1.38560627359831,1.18098558078673,0.872156272748293,0.235528446907549,0.426511261364575
"tipanan","male",1.6730209071289,1.31534047662729,0.965671971220107,0.778151250383644,0.74350976472843,0.838849090737255,0.655138434811382,1.19506899646859,1.01619735351244,1.39199307225971,1.40823996531185,1.15044940946088,1.36417563277062,1.16938049531195,0.854306041801081,0.230448921378274,0.457881896733992
"tipanan","male",1.70156798505593,1.30835094858673,0.984527313343793,0.661812685537261,0.716003343634799,0.817565369559781,0.643452676486187,1.2148438480477,1.06744284277638,1.42813479402879,1.43552585149865,1.17318626841227,1.36754227352058,1.22349594096239,0.851258348719075,0.230448921378274,0.480006942957151
"tipanan","male",1.71700440704055,1.3142886609475,0.974511692737328,0.719331286983727,0.700703717145019,0.838849090737255,0.625312450961674,1.2380461031288,1.05307844348342,1.43136376415899,1.4607475418442,1.20790353038605,1.39776625612645,1.20844135643857,0.786751422145561,0.267171728403014,0.501059262217751
"tipanan","male",1.69284691927723,1.31386722036915,0.953759691733229,0.724275869600789,0.724275869600789,0.822821645303105,0.681241237375587,1.2143138974244,1.06445798922692,1.42781057267599,1.46731206298055,1.17405980772503,1.37235958252432,1.20411998265592,0.819543935541869,0.204119982655925,0.399673721481038
"tipanan","male",1.68672562107454,1.29225607135648,0.937517892017347,0.733999286538387,0.711807229041191,0.819543935541869,0.653212513775344,1.22010808804006,1.06445798922692,1.43136376415899,1.45636603312904,1.17609125905568,1.36361197989214,1.1846914308176,0.841984804590114,0.195899652409234,0.421603926869831
"tipanan","male",1.7041505168398,1.32633586092875,0.989449817666692,0.724275869600789,0.724275869600789,0.845098040014257,0.653212513775344,1.2405492482826,1.08421868673924,1.44638181222244,1.47173165148005,1.23044892137827,1.41077723337721,1.23044892137827,0.930949031167523,0.235528446907549,0.477121254719662
"tipanan","male",1.66181268553726,1.25527250510331,0.919078092376074,0.681241237375587,0.698970004336019,0.812913356642856,0.562292864456475,1.17231096852195,1.04060234011407,1.40654018043396,1.44263652578223,1.17580163284828,1.34849957028384,1.17811325231463,0.845098040014257,0.113943352306837,0.338456493604605
"tipanan","male",1.70757017609794,1.32837960343874,0.982271233039568,0.719331286983727,0.707570176097936,0.851258348719075,0.653212513775344,1.23044892137827,1.0899051114394,1.42813479402879,1.4679039465228,1.19865708695442,1.36940141369662,1.2087100199064,0.852479993636856,0.232996110392154,0.453318340047038
"tipanan","male",1.67117284271508,1.28330122870355,0.935507265824713,0.740362689494244,0.721810615212547,0.851258348719075,0.628388930050311,1.16938049531195,1.04375512696868,1.39515159150454,1.42716140292597,1.17318626841227,1.33685982091681,1.15320490008428,0.831229693867063,0.212187604403958,0.350248018334163
"tipanan","male",1.71683772329952,1.32428245529769,0.968482948553935,0.720159303405957,0.754348335711019,0.841359470454855,0.683947130751512,1.23401081758718,1.10140335055533,1.44715803134222,1.48939592172713,1.2148438480477,1.41713940972733,1.22193559982801,0.869818207979328,0.232996110392154,0.457881896733992
"tipanan","male",1.67209785793572,1.3096301674259,0.937517892017347,0.724275869600789,0.767897616018091,0.8208579894397,0.672097857935718,1.22968184231768,1.06445798922692,1.40654018043396,1.44341946178282,1.19700472802305,1.38021124171161,1.20411998265592,0.854306041801081,0.230448921378274,0.439332693830263
"tipanan","male",1.68592079219454,1.3155505344219,0.973589623427257,0.683947130751512,0.786751422145561,0.829303772831025,0.674861140737812,1.21616590228599,1.09307130637606,1.4295908022233,1.464191370641,1.18780263871842,1.39181692361325,1.19589965240923,0.926856708949692,0.264817823009536,0.423245873936808
"tipanan","male",1.70329137811866,1.31344537042641,0.961421094066448,0.685741738602264,0.727541257028556,0.845098040014257,0.633468455579587,1.2380461031288,1.0899051114394,1.43136376415899,1.46982201597816,1.20411998265592,1.41497334797082,1.1914510144649,0.872738827472669,0.276461804173244,0.440909082065218
"tipanan","male",1.69836156605511,1.32221929473392,0.977723605288848,0.676693609624867,0.773054693364263,0.869231719730976,0.698970004336019,1.23044892137827,1.08635983067475,1.42813479402879,1.46538285144842,1.41879829059035,1.40942586867144,1.21218760440396,0.903089986991944,0.255272505103306,0.492760389026837
"tipanan","male",1.69222983577276,1.2973227142053,0.945960703577569,0.698970004336019,0.752816431188271,0.880813592280791,0.65991620006985,1.20682587603185,1.04766419460156,1.38774565960886,1.42258983985148,1.15289959639375,1.32428245529769,1.15836249209525,0.806179973983887,0.328379603438738,0.472756449317212
"tipanan","male",1.6730209071289,1.30102999566398,0.928395852256714,0.711807229041191,0.755874855672491,0.8750612633917,0.633468455579587,1.20411998265592,1.05690485133647,1.41161970596323,1.4456042032736,1.18184358794477,1.37566361396089,1.1846914308176,0.89209460269048,0.230448921378274,0.447158031342219
"tipanan","male",1.69897000433602,1.33041377334919,0.968482948553935,0.672097857935718,0.755874855672491,0.863322860120456,0.664641975556125,1.2380461031288,1.08635983067475,1.43775056282039,1.46239799789896,1.21748394421391,1.41713940972733,1.20411998265592,0.916453948549925,0.230448921378274,0.477121254719662
"tipanan","male",1.68752896121463,1.31806333496276,0.940018155007663,0.685741738602264,0.763427993562937,0.857332496431269,0.588831725594207,1.23401081758718,1.09691001300806,1.42845877351558,1.46805179145424,1.20466251174822,1.39058187855044,1.19423674872383,0.885926339801431,0.285557309007774,0.472756449317212
"tipanan","male",1.70268896815913,1.30899102900016,0.964730921053629,0.688419822002711,0.758911892397974,0.819543935541869,0.672097857935718,1.21827285357145,1.07298474462793,1.40534636017571,1.44886084560744,1.18639121569549,1.3747483460101,1.20682587603185,0.877371345869774,0.184691430817599,0.440909082065218
"tipanan","male",1.69495600224982,1.32221929473392,0.926342446625655,0.678518379040114,0.788875115775417,0.851258348719075,0.653212513775344,1.2087100199064,1.07918124604762,1.43568513794163,1.45893986189033,1.21245396104028,1.40001963506516,1.18920948958231,0.872738827472669,0.267171728403014,0.501059262217751
"tipanan","male",1.69897000433602,1.31175386105575,0.94101424370557,0.711807229041191,0.767897616018091,0.845098040014257,0.663700925389648,1.2312146479626,1.04139268515823,1.43296929087441,1.46209838113516,1.20411998265592,1.40654018043396,1.19033169817029,0.904715545278681,0.243038048686294,0.453318340047038
"tipanan","male",1.70757017609794,1.32221929473392,0.969415912353981,0.683947130751512,0.764176132390331,0.858537197569639,0.612783856719735,1.24674470972384,1.06929801211553,1.43980621139333,1.47041049097593,1.20085049809108,1.40739090447073,1.22556771343947,0.864511081058392,0.267171728403014,0.462397997898956
"tipanan","male",1.68663626926229,1.30835094858673,0.924279286061882,0.690196080028514,0.755874855672491,0.834420703681533,0.633468455579587,1.2135177569963,1.09307130637606,1.42160392686983,1.45530177165708,1.18752072083646,1.38255732190879,1.20411998265592,0.88309335857569,0.260071387985075,0.480006942957151
"tipanan","male",1.72875947516787,1.32097667734282,0.967079734144497,0.707570176097936,0.778151250383644,0.851258348719075,0.681241237375587,1.25115134317535,1.09691001300806,1.44870631990508,1.4920616045126,1.22427401429426,1.41497334797082,1.19589965240923,0.869231719730976,0.292256071356476,0.457881896733992
"tipanan","male",1.68601029131529,1.29950729870049,0.951823035315912,0.724275869600789,0.760422483423212,0.841984804590114,0.666517980554881,1.23044892137827,1.08278537031645,1.43007505555194,1.45742769294648,1.19700472802305,1.40739090447073,1.20330491613848,0.880813592280791,0.255272505103306,0.472756449317212
"tipanan","male",1.7160033436348,1.33445375115093,1.00216606175651,0.7481880270062,0.771587480881255,0.89209460269048,0.639486489268586,1.24551266781415,1.10002573010786,1.44700289846616,1.48472680429866,1.22010808804006,1.42094540592197,1.2148438480477,0.894316062684438,0.235528446907549,0.48572142648158
"tipanan","male",1.69635638873333,1.29225607135648,0.939519252618618,0.724275869600789,0.750508394851346,0.826074802700826,0.637489729512511,1.21616590228599,1.06069784035361,1.42390091852842,1.44886084560744,1.19423674872383,1.37785241900675,1.17695898058691,0.865696059916071,0.243038048686294,0.432969290874406
"tipanan","male",1.69302306792369,1.32572085801941,0.937517892017347,0.716003343634799,0.770115294787102,0.841984804590114,0.685741738602264,1.2132520521964,1.04218159451577,1.38021124171161,1.41043978621035,1.15289959639375,1.35121634533934,1.19920647916166,0.835690571492426,0.230448921378274,0.447158031342219
"tipanan","male",1.68214507637383,1.27875360095283,0.949390006644913,0.674861140737812,0.763427993562937,0.826722520168992,0.643452676486187,1.20466251174822,1.04139268515823,1.39707054995941,1.43933269383026,1.18497519069826,1.3923451553612,1.19589965240923,0.840106094456758,0.322219294733919,0.465382851448418
"tipanan","male",1.66558099101795,1.28375338333253,0.965671971220107,0.694605198933569,0.770852011642144,0.792391689498254,0.602059991327962,1.18780263871842,1.03742649794062,1.39794000867204,1.43088094645289,1.14519640611418,1.36285930295868,1.17955179116519,0.865696059916071,0.260071387985075,0.414973347970818
"tipanan","male",1.69284691927723,1.28780172993023,0.903089986991944,0.643452676486187,0.672097857935718,0.806179973983887,0.612783856719735,1.22271647114758,1.01703333929878,1.43296929087441,1.46389298898591,1.23044892137827,1.36735592102602,1.19865708695442,0.869231719730976,0.230448921378274,0.431363764158987
"tipanan","male",1.66931688056611,1.28330122870355,0.934498451243568,0.7481880270062,0.681241237375587,0.770852011642144,0.591064607026499,1.21218760440396,1.02530586526477,1.42651126136458,1.45331834004704,1.20951501454263,1.42651126136458,1.2380461031288,0.869231719730976,0.230448921378274,0.431363764158987
"tipanan","male",1.67577834167409,1.27875360095283,0.919078092376074,0.662757831681574,0.662757831681574,0.785329835010767,0.556302500767287,1.20139712432045,0.99563519459755,1.41497334797082,1.44870631990508,1.19312459835446,1.39093510710338,1.19312459835446,0.886490725172482,0.230448921378274,0.431363764158987
"tipanan","male",1.65609820201283,1.27875360095283,0.929418925714293,0.672097857935718,0.690196080028514,0.792391689498254,0.591064607026499,1.19589965240923,0.944482672150169,1.40140054078154,1.42975228000241,1.19865708695442,1.39269695325967,1.1846914308176,0.838849090737255,0.204119982655925,0.414973347970818
"tipanan","male",1.68124123737559,1.30749603791321,0.934498451243568,0.6232492903979,0.672097857935718,0.799340549453582,0.643452676486187,1.20139712432045,0.982271233039568,1.41497334797082,1.45024910831936,1.21218760440396,1.39794000867204,1.20139712432045,0.799340549453582,0.176091259055681,0.431363764158987
"tipanan","male",1.72015930340596,1.31175386105575,0.949390006644913,0.672097857935718,0.707570176097936,0.792391689498254,0.556302500767287,1.23044892137827,1.06069784035361,1.37657695705651,1.45788189673399,1.20682587603185,1.40823996531185,1.22530928172586,0.89209460269048,0.278753600952829,0.544068044350276
"tipanan","male",1.64246452024212,1.25527250510331,0.89209460269048,0.568201724066995,0.681241237375587,0.792391689498254,0.6232492903979,1.19033169817029,1,1.39093510710338,1.43136376415899,1.17318626841227,1.37657695705651,1.15836249209525,0.851258348719075,0.230448921378274,0.414973347970818
"tipanan","male",1.71683772329952,1.30535136944662,0.959041392321094,0.755874855672491,0.707570176097936,0.90848501887865,0.633468455579587,1.24303804868629,1.01283722470517,1.42488163663107,1.45331834004704,1.22530928172586,1.42488163663107,1.24797326636181,0.851258348719075,0.255272505103306,0.477121254719662
"tipanan","male",1.66181268553726,1.26245108973043,0.919078092376074,0.681241237375587,0.643452676486187,0.819543935541869,0.556302500767287,1.19589965240923,0.99563519459755,1.39794000867204,1.42975228000241,1.18752072083646,1.39445168082622,1.18184358794477,0.832508912706236,0.255272505103306,0.431363764158987
"tipanan","male",1.64738297011462,1.28103336724773,0.924279286061882,0.690196080028514,0.662757831681574,0.826074802700826,0.612783856719735,1.19589965240923,0.977723605288848,1.40312052117582,1.44090908206522,1.19312459835446,1.38738982633873,1.20411998265592,0.857332496431269,0.176091259055681,0.447158031342219
"tipanan","male",1.72181061521255,1.34439227368511,0.983626287124535,0.755874855672491,0.763427993562937,0.826074802700826,0.707570176097936,1.23299611039215,1.09691001300806,1.46538285144842,1.50242711998443,1.23502315949522,1.40483371661994,1.23044892137827,0.90848501887865,0.330413773349191,0.431363764158987
"luzonensis","male",1.71155416825017,1.31659930209386,0.984977126415493,0.854306041801081,0.783903579272735,0.854306041801081,0.714329759745233,1.20466251174822,1.0927206446841,1.46627432178929,1.50906804501716,1.24699069924155,1.44994098877334,1.2397998184471,0.913813852383717,0.260071387985075,0.426511261364575
"luzonensis","male",1.62428209583567,1.33805787541976,1.00817418400643,0.823474229170301,0.719331286983727,0.841359470454855,0.764922984649889,1.20547503674089,1.11594317693906,1.45848676379821,1.49748253736737,1.2437819160938,1.44200915914095,1.22297644989339,0.906335041805091,0.298853076409707,0.426511261364575
"luzonensis","male",1.76863810124761,1.37529773821734,1.05842602445701,0.866287339084195,0.762678563727436,0.831229693867063,0.770115294787102,1.2464985807958,1.18525876529659,1.51772359483374,1.56537550271407,1.29269900304393,1.50460677064195,1.27829620809127,0.943494515906103,0.338456493604605,0.519827993775719
"luzonensis","male",1.73479982958885,1.37106786227174,1.01703333929878,0.853089529851866,0.755874855672491,0.888740960682893,0.766412847112399,1.2417954312952,1.13097669160562,1.48429983934679,1.52517442783527,1.26951294421792,1.46344503177043,1.26030994579492,0.91803033678488,0.290034611362518,0.480006942957151
"luzonensis","male",1.75511226639507,1.40363518979055,1.08134730780413,0.881954971339601,0.764176132390331,0.854913022307856,0.800717078282385,1.26528962586083,1.16016829295851,1.49220145139254,1.54232738277397,1.28375338333253,1.49471102520526,1.28847280059978,0.94299959336604,0.340444114840118,0.472756449317212
"luzonensis","male",1.79309160017658,1.36642295722597,1.03622954408629,0.894316062684438,0.783188691075258,0.884795363948981,0.763427993562937,1.25115134317535,1.12024479554637,1.51759173071191,1.55918818900478,1.29070224328785,1.48273070007994,1.26857797188284,0.891537457672564,0.342422680822206,0.431363764158987
"luzonensis","male",1.74115159885179,1.35024801833416,1.02612451674545,0.864511081058392,0.748962861256161,0.837588438235511,0.785329835010767,1.2135177569963,1.04610478724604,1.42926766643317,1.46657107238635,1.22711508258913,1.42045085910607,1.19368102954128,0.880813592280791,0.287801729930226,0.416640507338281
"luzonensis","male",1.75541746281094,1.37785241900675,1.04805317311561,0.846955325019824,0.807535028068853,0.843855422623161,0.773786444981194,1.24919835739111,1.13798673272353,1.51982799377572,1.55157197367425,1.27875360095283,1.50514997831991,1.24079877111733,0.893206753059848,0.320146286111054,0.489958479424835
"luzonensis","male",1.76566855475901,1.37438169805088,1.05690485133647,0.893206753059848,0.752816431188271,0.845718017966659,0.770852011642144,1.25863728272408,1.11126251365907,1.5164031484474,1.55618184665291,1.28148788794008,1.49471102520526,1.24229290498293,0.94101424370557,0.318063334962762,0.481442628502305
"luzonensis","male",1.7160033436348,1.34830486304816,1.03342375548695,0.815577748324267,0.742725131304698,0.848804701051804,0.7481880270062,1.22762964957101,1.07918124604762,1.46389298898591,1.51507867507592,1.23070431361257,1.40942586867144,1.23477029516092,0.909556029241175,0.322219294733919,0.457881896733992
"luzonensis","male",1.70466518545453,1.31175386105575,0.968482948553935,0.800029359244134,0.745074791582057,0.823474229170301,0.693726948923647,1.20139712432045,1.07188200730613,1.44482519950975,1.48029446000301,1.22193559982801,1.41077723337721,1.18525876529659,0.904174368284164,0.271841606536499,0.482873583608754
"luzonensis","male",1.7469454096151,1.34966598409663,1.02366391819779,0.845098040014257,0.737987326333431,0.838849090737255,0.755874855672491,1.25527250510331,1.14176323027579,1.48713837547719,1.53135116458306,1.26150077319828,1.47755533219898,1.22891340599469,0.942008053022313,0.397940008672038,0.532754378992498
"luzonensis","male",1.77063112777781,1.38201704257487,1.05192391604611,0.851869600729766,0.746634198937579,0.847572659142112,0.781036938621132,1.27943878828702,1.15775888604686,1.52283531366053,1.55990662503611,1.28057837036808,1.51956550088051,1.28780172993023,0.966141732739033,0.303196057420489,0.460897842756548
"luzonensis","male",1.73933496019608,1.37235958252432,1.03342375548695,0.841984804590114,0.778151250383644,0.854306041801081,0.763427993562937,1.25503116334555,1.12057393120585,1.48144262850231,1.53844805171022,1.25719842613934,1.44947839918736,1.25212455250564,0.950364854376123,0.328379603438738,0.534026106056135
"luzonensis","male",1.73415951324447,1.37839790094814,1.04414762087872,0.857332496431269,0.829303772831025,0.896526217489555,0.80413943233535,1.25527250510331,1.15228834438306,1.51321760006794,1.55303301620244,1.29114676173189,1.49052030936335,1.2674064187529,0.950364854376123,0.287801729930226,0.472756449317212
"luzonensis","male",1.76215319230359,1.37419825792908,1.05461305455689,0.903089986991944,0.790285164033242,0.831229693867063,0.784617292632875,1.26623169668989,1.17172645365323,1.51454775266029,1.55618184665291,1.27461961909124,1.50691072555152,1.28690535297237,0.972202838379065,0.340444114840118,0.469822015978163
"luzonensis","male",1.70680309703734,1.33465476688324,1.00945089579869,0.785329835010767,0.714329759745233,0.831229693867063,0.750508394851346,1.22297644989339,1.07408468902824,1.46686762035411,1.49679131570004,1.24328614608345,1.42942926438179,1.2148438480477,0.899273187317604,0.278753600952829,0.440909082065218
"luzonensis","male",1.72802895442052,1.35698140099313,1.04610478724604,0.809559714635268,0.764176132390331,0.809559714635268,0.741151598851785,1.24772783290972,1.11892575282578,1.49164179347759,1.54961623951909,1.26717172840301,1.49609899213257,1.23854788768133,0.94101424370557,0.338456493604605,0.45178643552429
"luzonensis","male",1.80325221143046,1.39216914948974,1.06707085604537,0.846955325019824,0.770115294787102,0.877946951629188,0.781755374652469,1.26951294421792,1.18667386749975,1.53857373380686,1.58894364274001,1.30792370361188,1.53019969820308,1.28148788794008,0.968482948553935,0.372912002970107,0.496929648073215
"luzonensis","male",1.77085201164214,1.38201704257487,1.06445798922692,0.807535028068853,0.769377326076139,0.840733234611807,0.748962861256161,1.2523675144599,1.17724783625562,1.50826030551233,1.55533632799527,1.29114676173189,1.4896772916637,1.26974637313077,0.948901760970214,0.225309281725863,0.399673721481038
"luzonensis","male",1.58433122436753,1.36995760734605,1.05461305455689,0.866287339084195,0.75966784468963,0.870403905279027,0.787460474518415,1.25695815256093,1.17405980772503,1.51956550088051,1.54826654517075,1.28869626059026,1.51348395670426,1.28757780907871,0.909556029241175,0.33645973384853,0.472756449317212
"luzonensis","male",1.78211414747907,1.38057300306689,1.04099769242349,0.866287339084195,0.804820678721162,0.846337112129805,0.7481880270062,1.26245108973043,1.19312459835446,1.52244423350632,1.56062387454993,1.29446622616159,1.50718097726024,1.28780172993023,0.983626287124535,0.383815365980431,0.518513939877887
"luzonensis","male",1.77261504984917,1.40036527334994,1.0640834359636,0.869231719730976,0.788875115775417,0.854306041801081,0.815577748324267,1.26646689544024,1.15442397311465,1.51454775266029,1.54604886640173,1.25839780409551,1.50501424008411,1.25382243870807,0.972665592266111,0.301029995663981,0.477121254719662
"luzonensis","male",1.78532983501077,1.38987455839099,1.05576046468773,0.877371345869774,0.783903579272735,0.869231719730976,0.795184589682424,1.25743856685981,1.14921911265538,1.52762990087134,1.5669086552268,1.27415784926368,1.49037992000318,1.25017594808392,0.963315511386111,0.380211241711606,0.494154594018443
"luzonensis","male",1.79028516403324,1.38345629652475,1.04921802267018,0.870403905279027,0.771587480881255,0.919078092376074,0.769377326076139,1.26857797188284,1.15014216184856,1.50960570461156,1.54245194737598,1.27346427262135,1.47697646575953,1.26078666865498,0.947433721887051,0.382017042574868,0.545307116465824
"luzonensis","male",1.74927240829842,1.37657695705651,1.05918461763137,0.870403905279027,0.780317312140151,0.883661435153618,0.790285164033242,1.26197619139781,1.14519640611418,1.50974001557038,1.55581968306119,1.27461961909124,1.4782778319196,1.25115134317535,0.909020854211156,0.33645973384853,0.482873583608754
"luzonensis","male",1.74115159885179,1.33445375115093,1.01911629044707,0.817565369559781,0.754348335711019,0.844477175745681,0.760422483423212,1.20682587603185,1.13193929521042,1.46982201597816,1.51706387348265,1.23678909940929,1.45178643552429,1.22479195649268,0.926342446625655,0.170261715394957,0.414973347970818
"luzonensis","male",1.73925580326851,1.36735592102602,1.03462845662532,0.857332496431269,0.749736315569061,0.829946695941636,0.739572344450092,1.22814360759774,1.12385164096709,1.47465325336206,1.52283531366053,1.26316246496222,1.45666962942376,1.2319790268315,0.918554530550273,0.320146286111054,0.527629900871339
"luzonensis","male",1.80482067872116,1.40036527334994,1.0696680969116,0.88930170250631,0.76715586608218,0.912222056532416,0.757396028793024,1.29225607135648,1.17811325231463,1.54777470538782,1.59944637572528,1.34947179921439,1.54406804435028,1.29424571613812,1.00732095292274,0.399673721481038,0.570542939881898
"luzonensis","male",1.77626521826811,1.36903022180915,1.05499586152914,0.864511081058392,0.788875115775417,0.869818207979328,0.785329835010767,1.24895361549571,1.17580163284828,1.53339070801755,1.56525734342021,1.2771506139638,1.49692964807321,1.25188145455253,0.931457870689005,0.24551266781415,0.431363764158987
"luzonensis","male",1.75815462196739,1.36884450682582,1.05918461763137,0.893761762057943,0.757396028793024,0.905795880367869,0.803457115648414,1.26387267686522,1.16731733474818,1.51982799377572,1.56026539786271,1.28914283593233,1.47712125471966,1.25983269906348,0.945960703577569,0.298853076409707,0.48572142648158
"luzonensis","male",1.71096311899528,1.33445375115093,0.99563519459755,0.724275869600789,0.681241237375587,0.826074802700826,0.732393759822969,1.23299611039215,1.05307844348342,1.44247976906445,1.48429983934679,1.25285303097989,1.44870631990508,1.23552844690755,0.89209460269048,0.255272505103306,0.531478917042255
"luzonensis","male",1.73639650227664,1.31597034545692,0.944482672150169,0.740362689494244,0.716003343634799,0.857332496431269,0.633468455579587,1.22010808804006,1.04139268515823,1.41161970596323,1.47712125471966,1.2380461031288,1.45024910831936,1.23044892137827,0.8750612633917,0.278753600952829,0.491361693834273
"luzonensis","male",1.70329137811866,1.33645973384853,0.982271233039568,0.7481880270062,0.724275869600789,0.89209460269048,0.633468455579587,1.26481782300954,1.06069784035361,1.46239799789896,1.51321760006794,1.26951294421792,1.47856649559384,1.27646180417324,0.929418925714293,0.322219294733919,0.531478917042255
"luzonensis","male",1.66838591669,1.27875360095283,0.903089986991944,0.602059991327962,0.653212513775344,0.851258348719075,0.6232492903979,1.20139712432045,0.973127853599699,1.38916608436453,1.42651126136458,1.1846914308176,1.39445168082622,1.17318626841227,0.845098040014257,0.278753600952829,0.477121254719662
"luzonensis","male",1.67117284271508,1.27875360095283,0.90848501887865,0.653212513775344,0.672097857935718,0.799340549453582,0.612783856719735,1.19865708695442,1.00432137378264,1.39794000867204,1.44404479591808,1.20682587603185,1.39093510710338,1.18752072083646,0.863322860120456,0.204119982655925,0.342422680822206
"luzonensis","male",1.68124123737559,1.27875360095283,0.903089986991944,0.681241237375587,0.643452676486187,0.770852011642144,0.612783856719735,1.19589965240923,0.963787827345555,1.40993312333129,1.44870631990508,1.19033169817029,1.39794000867204,1.19865708695442,0.851258348719075,0.255272505103306,0.431363764158987
"luzonensis","male",1.71767050300226,1.33243845991561,0.986771734266245,0.643452676486187,0.672097857935718,0.880813592280791,0.681241237375587,1.22788670461367,1.08278537031645,1.42324587393681,1.46686762035411,1.23552844690755,1.45024910831936,1.23044892137827,0.903089986991944,0.278753600952829,0.505149978319906
"luzonensis","male",1.76117581315573,1.34635297445064,1.02118929906994,0.732393759822969,0.653212513775344,0.903089986991944,0.672097857935718,1.22788670461367,1.04532297878666,1.46834733041216,1.49276038902684,1.24303804868629,1.45484486000851,1.24303804868629,0.886490725172482,0.255272505103306,0.491361693834273
"luzonensis","male",1.71683772329952,1.32837960343874,1,0.732393759822969,0.672097857935718,0.851258348719075,0.681241237375587,1.2380461031288,1.06818586174616,1.44870631990508,1.4996870826184,1.26007138798507,1.45178643552429,1.24797326636181,0.897627091290441,0.230448921378274,0.491361693834273
"luzonensis","male",1.73158876518674,1.34439227368511,1.00432137378264,0.740362689494244,0.681241237375587,0.857332496431269,0.672097857935718,1.24551266781415,1.07918124604762,1.45788189673399,1.51321760006794,1.25285303097989,1.35983548233989,1.2718416065365,0.90848501887865,0.301029995663981,0.414973347970818
"luzonensis","male",1.69284691927723,1.32221929473392,0.963787827345555,0.690196080028514,0.690196080028514,0.845098040014257,0.698970004336019,1.21218760440396,1.01283722470517,1.4456042032736,1.49554433754645,1.25527250510331,1.42813479402879,1.23044892137827,0.863322860120456,0.301029995663981,0.518513939877887
"luzonensis","male",1.6954816764902,1.25527250510331,0.919078092376074,0.653212513775344,0.602059991327962,0.763427993562937,0.653212513775344,1.17609125905568,1.00432137378264,1.40993312333129,1.42975228000241,1.18752072083646,1.38560627359831,1.20411998265592,0.812913356642856,0.255272505103306,0.462397997898956
"luzonensis","male",1.68033551341456,1.27646180417324,0.929418925714293,0.602059991327962,0.612783856719735,0.799340549453582,0.681241237375587,1.18184358794477,0.991226075692495,1.39794000867204,1.44090908206522,1.18752072083646,1.39093510710338,1.17318626841227,0.886490725172482,0.204119982655925,0.462397997898956
"luzonensis","male",1.64345267648619,1.28103336724773,0.939519252618618,0.602059991327962,0.612783856719735,0.792391689498254,0.6232492903979,1.17897694729317,0.982271233039568,1.40312052117582,1.43296929087441,1.20411998265592,1.37657695705651,1.18184358794477,0.845098040014257,0.204119982655925,0.431363764158987
"luzonensis","male",1.67760695272049,1.30102999566398,0.954242509439325,0.633468455579587,0.643452676486187,0.851258348719075,0.672097857935718,1.20139712432045,1.01283722470517,1.39619934709574,1.44090908206522,1.19865708695442,1.38201704257487,1.20139712432045,0.851258348719075,0.255272505103306,0.477121254719662
"luzonensis","male",1.66931688056611,1.25527250510331,0.913813852383717,0.6232492903979,0.602059991327962,0.778151250383644,0.643452676486187,1.18184358794477,0.968482948553935,1.40823996531185,1.44247976906445,1.18184358794477,1.39967372148104,1.17897694729317,0.838849090737255,0.146128035678238,0.414973347970818
"luzonensis","male",1.63748972951251,1.25767857486918,0.913813852383717,0.643452676486187,0.591064607026499,0.832508912706236,0.643452676486187,1.16731733474818,0.944482672150169,1.37839790094814,1.40993312333129,1.17609125905568,1.3541084391474,1.17318626841227,0.806179973983887,0.146128035678238,0.431363764158987
"luzonensis","male",1.64836001098093,1.25527250510331,0.919078092376074,0.612783856719735,0.602059991327962,0.740362689494244,0.643452676486187,1.16435285578444,0.959041392321094,1.37657695705651,1.42160392686983,1.17026171539496,1.36172783601759,1.18184358794477,0.832508912706236,0.176091259055681,0.380211241711606
"luzonensis","male",1.63748972951251,1.25042000230889,0.924279286061882,0.612783856719735,0.633468455579587,0.792391689498254,0.602059991327962,1.14921911265538,0.959041392321094,1.3541084391474,1.39967372148104,1.14612803567824,1.36361197989214,1.14921911265538,0.826074802700826,0.230448921378274,0.301029995663981
"luzonensis","male",1.69897000433602,1.30319605742049,0.949390006644913,0.690196080028514,0.662757831681574,0.857332496431269,0.716003343634799,1.20682587603185,1.02118929906994,1.43775056282039,1.47567118832443,1.23552844690755,1.41995574848976,1.22530928172586,0.851258348719075,0.278753600952829,0.431363764158987
"luzonensis","male",1.80002935924413,1.37657695705651,1.05307844348342,0.740362689494244,0.755874855672491,0.832508912706236,0.732393759822969,1.28103336724773,1.09691001300806,1.50379068305718,1.54282542695918,1.29666519026153,1.51454775266029,1.29666519026153,0.968482948553935,0.361727836017593,0.6232492903979
"luzonensis","male",1.71264970162721,1.31386722036915,0.968482948553935,0.612783856719735,0.6232492903979,0.832508912706236,0.716003343634799,1.19033169817029,0.963787827345555,1.39967372148104,1.45484486000851,1.20139712432045,1.40483371661994,1.23299611039215,0.838849090737255,0.230448921378274,0.518513939877887
"luzonensis","male",1.78746047451842,1.37839790094814,1.03742649794062,0.740362689494244,0.7481880270062,0.851258348719075,0.698970004336019,1.30102999566398,1.07554696139253,1.51188336097887,1.54282542695918,1.29885307640971,1.52113808370404,1.3096301674259,0.973127853599699,0.361727836017593,0.591064607026499
"luzonensis","male",1.68394713075151,1.27875360095283,0.963787827345555,0.690196080028514,0.633468455579587,0.785329835010767,0.633468455579587,1.19312459835446,1.00860017176192,1.40823996531185,1.45788189673399,1.22530928172586,1.43616264704076,1.21218760440396,0.857332496431269,0.204119982655925,0.462397997898956
"luzonensis","male",1.75434833571102,1.32633586092875,0.977723605288848,0.724275869600789,0.770852011642144,0.812913356642856,0.662757831681574,1.24797326636181,1.05307844348342,1.48287358360875,1.52113808370404,1.29225607135648,1.50242711998443,1.29885307640971,0.944482672150169,0.301029995663981,0.556302500767287
"luzonensis","male",1.82672252016899,1.38916608436453,1.06445798922692,0.770852011642144,0.763427993562937,0.857332496431269,0.7481880270062,1.32428245529769,1.1430148002541,1.52891670027765,1.56820172406699,1.32014628611105,1.54282542695918,1.32837960343874,0.99563519459755,0.397940008672038,0.633468455579587
"luzonensis","male",1.77305469336426,1.35218251811136,1.01283722470517,0.740362689494244,0.732393759822969,0.806179973983887,0.681241237375587,1.26245108973043,1.07188200730613,1.49415459401844,1.52113808370404,1.27646180417324,1.48572142648158,1.27875360095283,0.963787827345555,0.342422680822206,0.568201724066995
"luzonensis","male",1.82477646247555,1.39445168082622,1.07188200730613,0.838849090737255,0.740362689494244,0.886490725172482,0.698970004336019,1.32837960343874,1.14921911265538,1.53147891704226,1.57518784492766,1.32837960343874,1.53402610605614,1.34242268082221,1.01283722470517,0.342422680822206,0.57978359661681
"luzonensis","male",1.72672720902657,1.31806333496276,0.977723605288848,0.707570176097936,0.690196080028514,0.806179973983887,0.690196080028514,1.22788670461367,1.02530586526477,1.45636603312904,1.49276038902684,1.27646180417324,1.47275644931721,1.20951501454263,0.897627091290441,0.342422680822206,0.505149978319906
"luzonensis","male",1.77887447200274,1.33645973384853,1.02530586526477,0.755874855672491,0.732393759822969,0.7481880270062,0.643452676486187,1.28103336724773,1.09691001300806,1.4996870826184,1.53781909507327,1.29446622616159,1.4996870826184,1.29003461136252,0.949390006644913,0.322219294733919,0.518513939877887
"luzonensis","male",1.79379038469082,1.37106786227174,1.02938377768521,0.763427993562937,0.716003343634799,0.819543935541869,0.724275869600789,1.29225607135648,1.12057393120585,1.51587384371168,1.55750720190566,1.31175386105575,1.50242711998443,1.29225607135648,1,0.414973347970818,0.556302500767287
"luzonensis","male",1.77451696572855,1.3541084391474,1.01703333929878,0.698970004336019,0.707570176097936,0.863322860120456,0.672097857935718,1.27646180417324,1.07554696139253,1.48855071650044,1.52504480703685,1.29885307640971,1.49276038902684,1.26951294421792,0.973127853599699,0.278753600952829,0.57978359661681
"sanguinea","male",1.6222140229663,1.22530928172586,0.863322860120456,0.518513939877887,0.591064607026499,0.763427993562937,0.643452676486187,1.12385164096709,0.919078092376074,1.35024801833416,1.40312052117582,1.15836249209525,1.34242268082221,1.05307844348342,0.857332496431269,0.255272505103306,0.176091259055681
"sanguinea","male",1.61066016308988,1.22530928172586,0.886490725172482,0.531478917042255,0.544068044350276,0.724275869600789,0.612783856719735,1.12057393120585,0.982271233039568,1.3747483460101,1.4345689040342,1.17609125905568,1.36172783601759,1.05307844348342,0.845098040014257,0.176091259055681,0.0791812460476248
"sanguinea","male",1.57863920996807,1.20139712432045,0.838849090737255,0.477121254719662,0.591064607026499,0.690196080028514,0.591064607026499,1.06818586174616,0.913813852383717,1.31597034545692,1.36361197989214,1.11394335230684,1.33243845991561,1.00432137378264,0.806179973983887,0.278753600952829,0
"sanguinea","male",1.57170883180869,1.20411998265592,0.812913356642856,0.462397997898956,0.544068044350276,0.732393759822969,0.602059991327962,1.08635983067475,0.880813592280791,1.3096301674259,1.37839790094814,1.12710479836481,1.33243845991561,1.03342375548695,0.838849090737255,0.204119982655925,0.146128035678238
"sanguinea","male",1.58206336291171,1.19865708695442,0.838849090737255,0.491361693834273,0.568201724066995,0.724275869600789,0.591064607026499,1.06818586174616,0.886490725172482,1.31175386105575,1.35602585719312,1.10380372095596,1.31597034545692,1.02118929906994,0.770852011642144,0.0791812460476248,0.0413926851582251
"sanguinea","male",1.59217675739587,1.20139712432045,0.812913356642856,0.491361693834273,0.544068044350276,0.681241237375587,0.544068044350276,1.08278537031645,0.897627091290441,1.33645973384853,1.38738982633873,1.13672056715641,1.33645973384853,1.03742649794062,0.832508912706236,0.176091259055681,0.0791812460476248
"sanguinea","male",1.59879050676312,1.20951501454263,0.869231719730976,0.57978359661681,0.556302500767287,0.716003343634799,0.57978359661681,1.10380372095596,0.929418925714293,1.35602585719312,1.40654018043396,1.1430148002541,1.35602585719312,1.02530586526477,0.806179973983887,0.113943352306837,0
"sanguinea","male",1.58883172559421,1.20682587603185,0.863322860120456,0.491361693834273,0.602059991327962,0.643452676486187,0.57978359661681,1.0899051114394,0.897627091290441,1.33645973384853,1.37657695705651,1.11058971029925,1.32837960343874,1.04532297878666,0.806179973983887,0.113943352306837,0.0413926851582251
"sanguinea","male",1.60959440922522,1.21218760440396,0.857332496431269,0.531478917042255,0.531478917042255,0.690196080028514,0.544068044350276,1.10720996964787,0.934498451243568,1.36735592102602,1.41995574848976,1.16435285578444,1.36361197989214,1.04921802267018,0.851258348719075,0.146128035678238,0.0791812460476248
"sanguinea","male",1.63144376901317,1.21748394421391,0.851258348719075,0.531478917042255,0.568201724066995,0.716003343634799,0.591064607026499,1.12710479836481,0.934498451243568,1.35983548233989,1.42488163663107,1.15533603746506,1.36361197989214,1.06069784035361,0.845098040014257,0.176091259055681,0.0791812460476248
"aurantipunctata","male",1.72997428569956,1.28330122870355,0.954242509439325,0.770852011642144,0.755874855672491,0.755874855672491,0.556302500767287,1.25042000230889,1.03342375548695,1.41497334797082,1.44404479591808,1.19589965240923,1.43296929087441,1.25527250510331,0.886490725172482,0.255272505103306,0.633468455579587
"aurantipunctata","male",1.70329137811866,1.26951294421792,0.919078092376074,0.763427993562937,0.690196080028514,0.7481880270062,0.531478917042255,1.24551266781415,1.01703333929878,1.41830129131975,1.43933269383026,1.21218760440396,1.41664050733828,1.26481782300954,0.886490725172482,0.255272505103306,0.591064607026499
"aurantipunctata","male",1.69196510276736,1.27415784926368,0.919078092376074,0.740362689494244,0.707570176097936,0.770852011642144,0.568201724066995,1.25767857486918,1.02118929906994,1.40140054078154,1.42651126136458,1.18184358794477,1.38560627359831,1.2718416065365,0.851258348719075,0.278753600952829,0.602059991327962
"aurantipunctata","male",1.72098574415374,1.26717172840301,0.919078092376074,0.7481880270062,0.707570176097936,0.724275869600789,0.612783856719735,1.22530928172586,1.03342375548695,1.41329976408125,1.44870631990508,1.20951501454263,1.43933269383026,1.28555730900777,0.857332496431269,0.255272505103306,0.57978359661681
"aurantipunctata","male",1.71264970162721,1.27646180417324,0.919078092376074,0.770852011642144,0.732393759822969,0.778151250383644,0.591064607026499,1.26717172840301,1.06069784035361,1.43616264704076,1.45484486000851,1.22788670461367,1.44247976906445,1.29666519026153,0.913813852383717,0.255272505103306,0.544068044350276
"aurantipunctata","male",1.68841982200271,1.27415784926368,0.913813852383717,0.755874855672491,0.732393759822969,0.755874855672491,0.568201724066995,1.26007138798507,1.04139268515823,1.41161970596323,1.4456042032736,1.20411998265592,1.42651126136458,1.30319605742049,0.845098040014257,0.278753600952829,0.57978359661681
"aurantipunctata","male",1.72181061521255,1.27875360095283,0.954242509439325,0.838849090737255,0.707570176097936,0.732393759822969,0.591064607026499,1.26717172840301,1.01703333929878,1.42651126136458,1.45636603312904,1.21218760440396,1.43616264704076,1.30319605742049,0.913813852383717,0.230448921378274,0.568201724066995
"aurantipunctata","male",1.71096311899528,1.25527250510331,0.929418925714293,0.785329835010767,0.732393759822969,0.633468455579587,0.556302500767287,1.23044892137827,1.04921802267018,1.43933269383026,1.44247976906445,1.21218760440396,1.41995574848976,1.29885307640971,0.89209460269048,0.278753600952829,0.591064607026499
"aurantipunctata","male",1.69108149212297,1.25527250510331,0.863322860120456,0.763427993562937,0.707570176097936,0.770852011642144,0.643452676486187,1.2148438480477,1.02118929906994,1.39794000867204,1.4345689040342,1.20682587603185,1.40312052117582,1.2718416065365,0.857332496431269,0.230448921378274,0.556302500767287
"aurantipunctata","male",1.68484536164441,1.27415784926368,0.924279286061882,0.755874855672491,0.716003343634799,0.732393759822969,0.6232492903979,1.24551266781415,1.06069784035361,1.41329976408125,1.41995574848976,1.17609125905568,1.40140054078154,1.27646180417324,0.770852011642144,0.230448921378274,0.591064607026499
